Capa,Jornal,Face Correta,Face Prevista (Pipeline),Match
A Bola - Capa 1,A Bola,Homem,Homem,TRUE
A Bola - Capa 1,A Bola,Homem,Homem,TRUE
A Bola - Capa 1,A Bola,Homem,Homem,TRUE
A Bola - Capa 1,A Bola,Homem,Homem,TRUE
A Bola - Capa 1,A Bola,Homem,Homem,TRUE
A Bola - Capa 2,A Bola,Homem,Homem,TRUE
A Bola - Capa 2,A Bola,Homem,Homem,TRUE
A Bola - Capa 2,A Bola,Homem,Homem,TRUE
A Bola - Capa 2,A Bola,Homem,Homem,TRUE
A Bola - Capa 2,A Bola,Homem,Homem,TRUE
A Bola - Capa 3,A Bola,Homem,Homem,TRUE
A Bola - Capa 3,A Bola,Homem,Homem,TRUE
A Bola - Capa 3,A Bola,Homem,Homem,TRUE
A Bola - Capa 4,A Bola,Homem,Homem,TRUE
A Bola - Capa 4,A Bola,Homem,Homem,TRUE
A Bola - Capa 4,A Bola,Homem,Homem,TRUE
A Bola - Capa 4,A Bola,Homem,Homem,TRUE
A Bola - Capa 5,A Bola,Homem,Homem,TRUE
A Bola - Capa 5,A Bola,Homem,Homem,TRUE
A Bola - Capa 5,A Bola,Homem,Homem,TRUE
A Bola - Capa 5,A Bola,Homem,Homem,TRUE
A Bola - Capa 6,A Bola,Homem,Homem,TRUE
A Bola - Capa 6,A Bola,Mulher,Mulher,TRUE
A Bola - Capa 6,A Bola,Homem,Homem,TRUE
A Bola - Capa 6,A Bola,Homem,Homem,TRUE
A Bola - Capa 7,A Bola,Homem,Homem,TRUE
A Bola - Capa 7,A Bola,Homem,Homem,TRUE
A Bola - Capa 7,A Bola,Homem,Homem,TRUE
A Bola - Capa 8,A Bola,Homem,Homem,TRUE
A Bola - Capa 8,A Bola,Homem,Homem,TRUE
A Bola - Capa 8,A Bola,Homem,Homem,TRUE
A Bola - Capa 9,A Bola,Homem,Homem,TRUE
A Bola - Capa 9,A Bola,Homem,Homem,TRUE
A Bola - Capa 10,A Bola,Homem,Homem,TRUE
A Bola - Capa 10,A Bola,Homem,Homem,TRUE
A Bola - Capa 10,A Bola,Homem,Homem,TRUE
A Bola - Capa 10,A Bola,Homem,Homem,TRUE
A Bola - Capa 10,A Bola,Homem,Homem,TRUE
A Bola - Capa 11,A Bola,Homem,Homem,TRUE
A Bola - Capa 11,A Bola,Homem,Homem,TRUE
A Bola - Capa 11,A Bola,Homem,Homem,TRUE
A Bola - Capa 11,A Bola,Homem,Homem,TRUE
A Bola - Capa 12,A Bola,Homem,Homem,TRUE
A Bola - Capa 12,A Bola,Homem,Homem,TRUE
A Bola - Capa 12,A Bola,Homem,Homem,TRUE
A Bola - Capa 13,A Bola,Homem,Homem,TRUE
A Bola - Capa 13,A Bola,Homem,Homem,TRUE
A Bola - Capa 13,A Bola,Homem,Homem,TRUE
A Bola - Capa 14,A Bola,Homem,Homem,TRUE
A Bola - Capa 14,A Bola,Homem,Homem,TRUE
A Bola - Capa 14,A Bola,Homem,Homem,TRUE
A Bola - Capa 15,A Bola,Homem,Homem,TRUE
A Bola - Capa 15,A Bola,Homem,Homem,TRUE
A Bola - Capa 15,A Bola,Homem,Homem,TRUE
A Bola - Capa 15,A Bola,Homem,Homem,TRUE
A Bola - Capa 16,A Bola,Homem,Homem,TRUE
A Bola - Capa 16,A Bola,Homem,Homem,TRUE
A Bola - Capa 16,A Bola,Homem,Homem,TRUE
A Bola - Capa 17,A Bola,Homem,Homem,TRUE
A Bola - Capa 17,A Bola,Homem,Homem,TRUE
A Bola - Capa 17,A Bola,Homem,Homem,TRUE
A Bola - Capa 17,A Bola,Homem,Homem,TRUE
A Bola - Capa 18,A Bola,Homem,Homem,TRUE
A Bola - Capa 18,A Bola,Homem,Homem,TRUE
A Bola - Capa 18,A Bola,Mulher,Mulher,TRUE
A Bola - Capa 18,A Bola,Homem,Homem,TRUE
A Bola - Capa 18,A Bola,Homem,Homem,TRUE
A Bola - Capa 19,A Bola,Homem,Homem,TRUE
A Bola - Capa 19,A Bola,Homem,Homem,TRUE
A Bola - Capa 19,A Bola,Homem,Homem,TRUE
A Bola - Capa 19,A Bola,Homem,Homem,TRUE
A Bola - Capa 19,A Bola,Homem,Homem,TRUE
A Bola - Capa 20,A Bola,Homem,Homem,TRUE
A Bola - Capa 20,A Bola,Homem,Homem,TRUE
A Bola - Capa 20,A Bola,Homem,Homem,TRUE
A Bola - Capa 20,A Bola,Homem,Homem,TRUE
A Bola - Capa 20,A Bola,Homem,Homem,TRUE
A Bola - Capa 20,A Bola,Homem,Homem,TRUE
A Bola - Capa 20,A Bola,Homem,Homem,TRUE
A Bola - Capa 20,A Bola,Homem,Homem,TRUE
A Bola - Capa 20,A Bola,Homem,Homem,TRUE
A Bola - Capa 20,A Bola,Homem,Homem,TRUE
A Bola - Capa 21,A Bola,Homem,Homem,TRUE
A Bola - Capa 21,A Bola,Homem,Homem,TRUE
A Bola - Capa 21,A Bola,Homem,Homem,TRUE
A Bola - Capa 21,A Bola,Homem,Homem,TRUE
A Bola - Capa 21,A Bola,Homem,Homem,TRUE
A Bola - Capa 21,A Bola,Mulher,Mulher,TRUE
A Bola - Capa 21,A Bola,Homem,Homem,TRUE
A Bola - Capa 21,A Bola,Homem,Homem,TRUE
A Bola - Capa 21,A Bola,Homem,Homem,TRUE
A Bola - Capa 22,A Bola,Homem,Homem,TRUE
A Bola - Capa 22,A Bola,Homem,Homem,TRUE
A Bola - Capa 23,A Bola,Homem,Homem,TRUE
A Bola - Capa 23,A Bola,Homem,Homem,TRUE
A Bola - Capa 23,A Bola,Homem,Homem,TRUE
A Bola - Capa 23,A Bola,Homem,Homem,TRUE
A Bola - Capa 23,A Bola,Homem,Homem,TRUE
A Bola - Capa 23,A Bola,Homem,Homem,TRUE
A Bola - Capa 24,A Bola,Homem,Homem,TRUE
A Bola - Capa 24,A Bola,Homem,Homem,TRUE
A Bola - Capa 24,A Bola,Homem,Homem,TRUE
A Bola - Capa 25,A Bola,Homem,Homem,TRUE
A Bola - Capa 25,A Bola,Homem,Homem,TRUE
A Bola - Capa 25,A Bola,Homem,Homem,TRUE
A Bola - Capa 26,A Bola,Homem,Homem,TRUE
A Bola - Capa 26,A Bola,Homem,Homem,TRUE
A Bola - Capa 26,A Bola,Homem,Homem,TRUE
A Bola - Capa 26,A Bola,Homem,Homem,TRUE
A Bola - Capa 26,A Bola,Homem,Homem,TRUE
A Bola - Capa 27,A Bola,Homem,Homem,TRUE
A Bola - Capa 27,A Bola,Homem,Homem,TRUE
A Bola - Capa 27,A Bola,Homem,Homem,TRUE
A Bola - Capa 27,A Bola,Homem,Homem,TRUE
A Bola - Capa 27,A Bola,Homem,Homem,TRUE
A Bola - Capa 27,A Bola,Homem,Homem,TRUE
A Bola - Capa 27,A Bola,Homem,Homem,TRUE
A Bola - Capa 28,A Bola,Homem,Homem,TRUE
A Bola - Capa 28,A Bola,Homem,Homem,TRUE
A Bola - Capa 28,A Bola,Homem,Homem,TRUE
A Bola - Capa 29,A Bola,Homem,Homem,TRUE
A Bola - Capa 29,A Bola,Homem,Homem,TRUE
A Bola - Capa 29,A Bola,Homem,Homem,TRUE
A Bola - Capa 29,A Bola,Homem,Homem,TRUE
A Bola - Capa 30,A Bola,Homem,Homem,TRUE
A Bola - Capa 30,A Bola,Homem,Homem,TRUE
A Bola - Capa 30,A Bola,Homem,Homem,TRUE
A Bola - Capa 30,A Bola,Homem,Homem,TRUE
O Jogo - Capa 1,O Jogo,Homem,Homem,TRUE
O Jogo - Capa 1,O Jogo,Homem,Homem,TRUE
O Jogo - Capa 1,O Jogo,Homem,Homem,TRUE
O Jogo - Capa 1,O Jogo,Homem,Homem,TRUE
O Jogo - Capa 2,O Jogo,Homem,Homem,TRUE
O Jogo - Capa 2,O Jogo,Homem,Homem,TRUE
O Jogo - Capa 2,O Jogo,Homem,Homem,TRUE
O Jogo - Capa 3,O Jogo,Homem,Homem,TRUE
O Jogo - Capa 3,O Jogo,Homem,Homem,TRUE
O Jogo - Capa 3,O Jogo,Homem,Homem,TRUE
O Jogo - Capa 4,O Jogo,Homem,Homem,TRUE
O Jogo - Capa 4,O Jogo,Homem,Homem,TRUE
O Jogo - Capa 4,O Jogo,Homem,Homem,TRUE
O Jogo - Capa 4,O Jogo,Homem,Homem,TRUE
O Jogo - Capa 4,O Jogo,Homem,Homem,TRUE
O Jogo - Capa 4,O Jogo,Homem,Homem,TRUE
O Jogo - Capa 4,O Jogo,Homem,Homem,TRUE
O Jogo - Capa 4,O Jogo,Homem,Homem,TRUE
O Jogo - Capa 4,O Jogo,Homem,Homem,TRUE
O Jogo - Capa 5,O Jogo,Homem,Homem,TRUE
O Jogo - Capa 5,O Jogo,Homem,Homem,TRUE
O Jogo - Capa 6,O Jogo,Homem,Homem,TRUE
O Jogo - Capa 6,O Jogo,Homem,Homem,TRUE
O Jogo - Capa 7,O Jogo,Homem,Homem,TRUE
O Jogo - Capa 7,O Jogo,Homem,Homem,TRUE
O Jogo - Capa 8,O Jogo,Homem,Homem,TRUE
O Jogo - Capa 8,O Jogo,Homem,Homem,TRUE
O Jogo - Capa 8,O Jogo,Homem,Homem,TRUE
O Jogo - Capa 8,O Jogo,Homem,Homem,TRUE
O Jogo - Capa 8,O Jogo,Homem,Homem,TRUE
O Jogo - Capa 8,O Jogo,Homem,Homem,TRUE
O Jogo - Capa 8,O Jogo,Homem,Homem,TRUE
O Jogo - Capa 8,O Jogo,Homem,Homem,TRUE
O Jogo - Capa 8,O Jogo,Homem,Homem,TRUE
O Jogo - Capa 8,O Jogo,Homem,Homem,TRUE
O Jogo - Capa 8,O Jogo,Homem,Homem,TRUE
O Jogo - Capa 8,O Jogo,Homem,Homem,TRUE
O Jogo - Capa 9,O Jogo,Homem,Homem,TRUE
O Jogo - Capa 9,O Jogo,Homem,Homem,TRUE
O Jogo - Capa 9,O Jogo,Homem,Homem,TRUE
O Jogo - Capa 10,O Jogo,Homem,Homem,TRUE
O Jogo - Capa 10,O Jogo,Homem,Homem,TRUE
O Jogo - Capa 11,O Jogo,Homem,Homem,TRUE
O Jogo - Capa 11,O Jogo,Homem,Homem,TRUE
O Jogo - Capa 11,O Jogo,Homem,Homem,TRUE
O Jogo - Capa 12,O Jogo,Homem,Homem,TRUE
O Jogo - Capa 12,O Jogo,Homem,Homem,TRUE
O Jogo - Capa 12,O Jogo,Homem,Homem,TRUE
O Jogo - Capa 12,O Jogo,Homem,Homem,TRUE
O Jogo - Capa 13,O Jogo,Homem,Homem,TRUE
O Jogo - Capa 13,O Jogo,Homem,Homem,TRUE
O Jogo - Capa 14,O Jogo,Homem,Homem,TRUE
O Jogo - Capa 14,O Jogo,Homem,Homem,TRUE
O Jogo - Capa 14,O Jogo,Homem,Homem,TRUE
O Jogo - Capa 15,O Jogo,Homem,Homem,TRUE
O Jogo - Capa 15,O Jogo,Homem,Homem,TRUE
O Jogo - Capa 15,O Jogo,Homem,Homem,TRUE
O Jogo - Capa 16,O Jogo,Homem,Homem,TRUE
O Jogo - Capa 16,O Jogo,Mulher,Mulher,TRUE
O Jogo - Capa 16,O Jogo,Mulher,Homem,FALSE
O Jogo - Capa 16,O Jogo,Homem,Homem,TRUE
O Jogo - Capa 16,O Jogo,Mulher,Homem,FALSE
O Jogo - Capa 16,O Jogo,Mulher,Mulher,TRUE
O Jogo - Capa 16,O Jogo,Mulher,Homem,FALSE
O Jogo - Capa 16,O Jogo,Homem,Homem,TRUE
O Jogo - Capa 16,O Jogo,Mulher,Homem,FALSE
O Jogo - Capa 16,O Jogo,Mulher,Homem,FALSE
O Jogo - Capa 16,O Jogo,Mulher,Mulher,TRUE
O Jogo - Capa 16,O Jogo,Mulher,Homem,FALSE
O Jogo - Capa 16,O Jogo,Mulher,Homem,FALSE
O Jogo - Capa 16,O Jogo,Homem,Homem,TRUE
O Jogo - Capa 16,O Jogo,Mulher,Homem,FALSE
O Jogo - Capa 17,O Jogo,Homem,Homem,TRUE
O Jogo - Capa 17,O Jogo,Homem,Homem,TRUE
O Jogo - Capa 17,O Jogo,Homem,Homem,TRUE
O Jogo - Capa 17,O Jogo,Homem,Homem,TRUE
O Jogo - Capa 18,O Jogo,Homem,Homem,TRUE
O Jogo - Capa 18,O Jogo,Homem,Homem,TRUE
O Jogo - Capa 18,O Jogo,Homem,Homem,TRUE
O Jogo - Capa 18,O Jogo,Homem,Homem,TRUE
O Jogo - Capa 18,O Jogo,Homem,Homem,TRUE
O Jogo - Capa 19,O Jogo,Homem,Homem,TRUE
O Jogo - Capa 19,O Jogo,Homem,Homem,TRUE
O Jogo - Capa 20,O Jogo,Homem,Homem,TRUE
O Jogo - Capa 20,O Jogo,Homem,Homem,TRUE
O Jogo - Capa 21,O Jogo,Homem,Homem,TRUE
O Jogo - Capa 21,O Jogo,Homem,Homem,TRUE
O Jogo - Capa 21,O Jogo,Homem,Homem,TRUE
O Jogo - Capa 21,O Jogo,Homem,Homem,TRUE
O Jogo - Capa 21,O Jogo,Homem,Homem,TRUE
O Jogo - Capa 22,O Jogo,Homem,Homem,TRUE
O Jogo - Capa 22,O Jogo,Homem,Homem,TRUE
O Jogo - Capa 23,O Jogo,Homem,Homem,TRUE
O Jogo - Capa 23,O Jogo,Homem,Homem,TRUE
O Jogo - Capa 23,O Jogo,Homem,Homem,TRUE
O Jogo - Capa 24,O Jogo,Homem,Homem,TRUE
O Jogo - Capa 24,O Jogo,Homem,Homem,TRUE
O Jogo - Capa 24,O Jogo,Homem,Homem,TRUE
O Jogo - Capa 25,O Jogo,Homem,Homem,TRUE
O Jogo - Capa 25,O Jogo,Homem,Homem,TRUE
O Jogo - Capa 25,O Jogo,Homem,Homem,TRUE
O Jogo - Capa 26,O Jogo,Homem,Homem,TRUE
O Jogo - Capa 26,O Jogo,Homem,Homem,TRUE
O Jogo - Capa 26,O Jogo,Homem,Homem,TRUE
O Jogo - Capa 26,O Jogo,Homem,Homem,TRUE
O Jogo - Capa 26,O Jogo,Homem,Homem,TRUE
O Jogo - Capa 27,O Jogo,Homem,Homem,TRUE
O Jogo - Capa 27,O Jogo,Homem,Homem,TRUE
O Jogo - Capa 27,O Jogo,Homem,Homem,TRUE
O Jogo - Capa 27,O Jogo,Homem,Homem,TRUE
O Jogo - Capa 28,O Jogo,Homem,Homem,TRUE
O Jogo - Capa 28,O Jogo,Homem,Homem,TRUE
O Jogo - Capa 28,O Jogo,Homem,Homem,TRUE
O Jogo - Capa 29,O Jogo,Homem,Homem,TRUE
O Jogo - Capa 29,O Jogo,Homem,Homem,TRUE
O Jogo - Capa 30,O Jogo,Homem,Homem,TRUE
O Jogo - Capa 30,O Jogo,Homem,Homem,TRUE
O Jogo - Capa 30,O Jogo,Mulher,Mulher,TRUE
O Jogo - Capa 30,O Jogo,Mulher,Homem,FALSE
Record - Capa 1,Record,Homem,Homem,TRUE
Record - Capa 1,Record,Homem,Homem,TRUE
Record - Capa 1,Record,Homem,Homem,TRUE
Record - Capa 1,Record,Homem,Homem,TRUE
Record - Capa 1,Record,Homem,Homem,TRUE
Record - Capa 1,Record,Homem,Homem,TRUE
Record - Capa 2,Record,Homem,Homem,TRUE
Record - Capa 2,Record,Homem,Homem,TRUE
Record - Capa 2,Record,Homem,Homem,TRUE
Record - Capa 2,Record,Homem,Homem,TRUE
Record - Capa 2,Record,Homem,Homem,TRUE
Record - Capa 2,Record,Homem,Homem,TRUE
Record - Capa 2,Record,Homem,Homem,TRUE
Record - Capa 3,Record,Homem,Homem,TRUE
Record - Capa 3,Record,Homem,Homem,TRUE
Record - Capa 3,Record,Homem,Homem,TRUE
Record - Capa 4,Record,Homem,Homem,TRUE
Record - Capa 4,Record,Homem,Homem,TRUE
Record - Capa 4,Record,Homem,Homem,TRUE
Record - Capa 4,Record,Homem,Homem,TRUE
Record - Capa 5,Record,Homem,Homem,TRUE
Record - Capa 5,Record,Homem,Homem,TRUE
Record - Capa 5,Record,Homem,Homem,TRUE
Record - Capa 5,Record,Homem,Homem,TRUE
Record - Capa 6,Record,Homem,Homem,TRUE
Record - Capa 6,Record,Homem,Homem,TRUE
Record - Capa 6,Record,Homem,Homem,TRUE
Record - Capa 6,Record,Homem,Homem,TRUE
Record - Capa 6,Record,Homem,Homem,TRUE
Record - Capa 6,Record,Homem,Homem,TRUE
Record - Capa 6,Record,Homem,Homem,TRUE
Record - Capa 6,Record,Homem,Homem,TRUE
Record - Capa 7,Record,Homem,Homem,TRUE
Record - Capa 7,Record,Homem,Homem,TRUE
Record - Capa 7,Record,Homem,Homem,TRUE
Record - Capa 7,Record,Homem,Homem,TRUE
Record - Capa 7,Record,Homem,Homem,TRUE
Record - Capa 7,Record,Homem,Homem,TRUE
Record - Capa 8,Record,Homem,Homem,TRUE
Record - Capa 8,Record,Homem,Homem,TRUE
Record - Capa 8,Record,Homem,Homem,TRUE
Record - Capa 8,Record,Homem,Homem,TRUE
Record - Capa 8,Record,Homem,Homem,TRUE
Record - Capa 8,Record,Homem,Homem,TRUE
Record - Capa 8,Record,Homem,Homem,TRUE
Record - Capa 8,Record,Homem,Homem,TRUE
Record - Capa 9,Record,Homem,Homem,TRUE
Record - Capa 9,Record,Homem,Homem,TRUE
Record - Capa 9,Record,Homem,Homem,TRUE
Record - Capa 9,Record,Homem,Homem,TRUE
Record - Capa 10,Record,Homem,Homem,TRUE
Record - Capa 10,Record,Homem,Homem,TRUE
Record - Capa 10,Record,Homem,Homem,TRUE
Record - Capa 10,Record,Homem,Homem,TRUE
Record - Capa 10,Record,Homem,Homem,TRUE
Record - Capa 11,Record,Homem,Homem,TRUE
Record - Capa 11,Record,Homem,Homem,TRUE
Record - Capa 11,Record,Homem,Homem,TRUE
Record - Capa 12,Record,Homem,Homem,TRUE
Record - Capa 12,Record,Homem,Homem,TRUE
Record - Capa 12,Record,Mulher,Mulher,TRUE
Record - Capa 12,Record,Homem,Homem,TRUE
Record - Capa 12,Record,Mulher,Homem,FALSE
Record - Capa 12,Record,Homem,Homem,TRUE
Record - Capa 13,Record,Homem,Homem,TRUE
Record - Capa 13,Record,Homem,Homem,TRUE
Record - Capa 13,Record,Homem,Homem,TRUE
Record - Capa 14,Record,Homem,Homem,TRUE
Record - Capa 14,Record,Homem,Homem,TRUE
Record - Capa 14,Record,Homem,Homem,TRUE
Record - Capa 14,Record,Homem,Homem,TRUE
Record - Capa 14,Record,Homem,Homem,TRUE
Record - Capa 15,Record,Homem,Homem,TRUE
Record - Capa 15,Record,Homem,Homem,TRUE
Record - Capa 15,Record,Homem,Homem,TRUE
Record - Capa 15,Record,Homem,Homem,TRUE
Record - Capa 15,Record,Homem,Homem,TRUE
Record - Capa 16,Record,Homem,Homem,TRUE
Record - Capa 16,Record,Homem,Homem,TRUE
Record - Capa 16,Record,Homem,Homem,TRUE
Record - Capa 16,Record,Homem,Homem,TRUE
Record - Capa 16,Record,Homem,Homem,TRUE
Record - Capa 17,Record,Homem,Homem,TRUE
Record - Capa 17,Record,Homem,Homem,TRUE
Record - Capa 17,Record,Homem,Homem,TRUE
Record - Capa 18,Record,Homem,Homem,TRUE
Record - Capa 18,Record,Mulher,Mulher,TRUE
Record - Capa 18,Record,Homem,Homem,TRUE
Record - Capa 18,Record,Homem,Homem,TRUE
Record - Capa 19,Record,Homem,Homem,TRUE
Record - Capa 19,Record,Homem,Homem,TRUE
Record - Capa 19,Record,Homem,Homem,TRUE
Record - Capa 20,Record,Homem,Homem,TRUE
Record - Capa 20,Record,Homem,Homem,TRUE
Record - Capa 21,Record,Homem,Homem,TRUE
Record - Capa 21,Record,Homem,Homem,TRUE
Record - Capa 21,Record,Homem,Homem,TRUE
Record - Capa 21,Record,Homem,Homem,TRUE
Record - Capa 21,Record,Homem,Homem,TRUE
Record - Capa 21,Record,Homem,Homem,TRUE
Record - Capa 22,Record,Homem,Homem,TRUE
Record - Capa 22,Record,Homem,Homem,TRUE
Record - Capa 22,Record,Homem,Homem,TRUE
Record - Capa 22,Record,Homem,Homem,TRUE
Record - Capa 22,Record,Homem,Homem,TRUE
Record - Capa 22,Record,Homem,Homem,TRUE
Record - Capa 22,Record,Homem,Homem,TRUE
Record - Capa 23,Record,Homem,Homem,TRUE
Record - Capa 23,Record,Homem,Homem,TRUE
Record - Capa 23,Record,Homem,Homem,TRUE
Record - Capa 23,Record,Homem,Homem,TRUE
Record - Capa 23,Record,Homem,Homem,TRUE
Record - Capa 23,Record,Homem,Homem,TRUE
Record - Capa 24,Record,Homem,Homem,TRUE
Record - Capa 24,Record,Homem,Homem,TRUE
Record - Capa 24,Record,Homem,Homem,TRUE
Record - Capa 25,Record,Homem,Homem,TRUE
Record - Capa 25,Record,Homem,Homem,TRUE
Record - Capa 25,Record,Homem,Homem,TRUE
Record - Capa 25,Record,Homem,Homem,TRUE
Record - Capa 26,Record,Homem,Homem,TRUE
Record - Capa 26,Record,Homem,Homem,TRUE
Record - Capa 26,Record,Homem,Homem,TRUE
Record - Capa 27,Record,Homem,Homem,TRUE
Record - Capa 27,Record,Homem,Homem,TRUE
Record - Capa 27,Record,Homem,Homem,TRUE
Record - Capa 28,Record,Homem,Homem,TRUE
Record - Capa 28,Record,Homem,Homem,TRUE
Record - Capa 29,Record,Homem,Homem,TRUE
Record - Capa 29,Record,Homem,Homem,TRUE
Record - Capa 29,Record,Homem,Homem,TRUE
Record - Capa 29,Record,Homem,Homem,TRUE
Record - Capa 30,Record,Homem,Homem,TRUE
Record - Capa 30,Record,Homem,Homem,TRUE
Record - Capa 30,Record,Homem,Homem,TRUE
Record - Capa 30,Record,Homem,Homem,TRUE
